2021-09-24 08:20:38.230856Z,2021-09-24 08:20:39.895112Z,56,0
2021-09-24 08:20:55.124986Z,2021-09-24 08:20:58.902980Z,56,0
2021-09-24 09:01:56.466015Z,2021-09-24 09:02:24.027061Z,56,0
2021-09-24 09:02:31.375289Z,2021-09-24 09:02:38.157414Z,56,0
2021-09-24 09:05:11.256254Z,2021-09-24 09:06:08.104087Z,56,0
2021-09-25 13:09:24.284319Z,2021-09-25 13:09:27.143059Z,56,2
2021-09-26 16:10:24.240341Z,2021-09-26 16:10:29.804977Z,56,1
2021-09-27 17:12:30.590840Z,2021-09-27 17:12:31.827555Z,56,0
2021-09-28 12:18:52.006633Z,2021-09-28 12:18:55.182058Z,56,0
2021-09-28 12:19:59.519248Z,2021-09-28 12:20:56.599033Z,56,0
2021-09-28 12:58:03.785523Z,2021-09-28 12:58:34.165112Z,56,1
2021-09-28 13:03:19.426266Z,2021-09-28 13:03:29.383252Z,56,0
2021-09-28 13:03:33.744428Z,2021-09-28 13:03:40.187940Z,56,0
2021-09-28 13:04:03.904398Z,2021-09-28 13:04:45.691160Z,56,0
2021-09-28 13:05:10.250036Z,2021-09-28 13:05:15.880922Z,56,1
2021-09-28 13:06:17.060770Z,2021-09-28 13:06:23.612712Z,56,1
2021-09-28 13:07:07.735543Z,2021-09-28 13:07:13.309877Z,56,1
2021-10-01 00:53:17.582881Z,2021-10-01 00:53:34.013392Z,56,0
2021-10-01 00:56:13.147401Z,2021-10-01 00:56:15.164338Z,56,0
2021-10-01 00:56:24.692027Z,2021-10-01 00:56:32.027443Z,56,0
2021-10-01 00:56:37.043868Z,2021-10-01 00:56:40.659925Z,56,0
2021-10-01 00:56:08.524648Z,2021-10-01 00:58:15.568886Z,56,0
2021-10-01 01:08:09.901824Z,2021-10-01 01:08:11.655158Z,56,0
2021-10-01 01:08:20.934247Z,2021-10-01 01:08:37.230834Z,56,0
2021-10-05 02:23:26.288761Z,2021-10-05 02:23:47.555212Z,56,1
2021-10-05 02:24:16.273875Z,2021-10-05 02:24:20.254301Z,56,1
2021-10-05 02:24:21.986500Z,2021-10-05 02:24:24.813062Z,56,1
2021-10-05 02:25:13.556870Z,2021-10-05 02:26:07.145751Z,56,1
2021-10-05 02:23:19.999848Z,2021-10-05 04:14:09.793859Z,56,0
2021-10-05 02:26:08.705218Z,2021-10-05 04:14:09.793859Z,56,0
2021-10-05 11:33:25.023569Z,2021-10-05 11:33:45.569383Z,56,1
2021-10-07 10:28:14.121060Z,2021-10-07 10:28:19.573386Z,56,0
2021-10-08 05:17:36.861715Z,2021-10-08 05:17:38.118895Z,56,0
2021-10-08 05:17:40.396795Z,2021-10-08 05:17:42.319462Z,56,0
2021-10-08 05:17:44.298098Z,2021-10-08 05:17:45.555471Z,56,0
2021-10-08 05:17:47.184504Z,2021-10-08 05:17:48.141187Z,56,0
2021-10-08 05:17:50.224888Z,2021-10-08 05:17:51.224660Z,56,0
2021-10-08 05:17:53.487308Z,2021-10-08 05:18:08.865828Z,56,0
2021-10-08 05:18:10.823941Z,2021-10-08 05:18:12.588354Z,56,0
2021-10-08 05:19:57.140313Z,2021-10-08 05:20:02.122780Z,56,0
2021-10-08 05:20:04.140666Z,2021-10-08 05:20:08.955984Z,56,0
2021-10-08 05:20:10.786350Z,2021-10-08 05:21:01.401481Z,56,0
2021-10-08 05:21:03.120554Z,2021-10-08 05:21:08.735295Z,56,0
2021-10-08 05:21:10.896119Z,2021-10-08 05:21:38.460473Z,56,0
2021-10-08 05:21:45.105418Z,2021-10-08 05:21:50.485746Z,56,0
2021-10-08 05:21:56.037616Z,2021-10-08 05:22:03.012362Z,56,0
2021-10-08 05:22:10.039961Z,2021-10-08 05:22:18.047122Z,56,0
2021-10-08 05:22:19.973322Z,2021-10-08 05:22:21.116686Z,56,0
2021-10-08 05:23:35.597088Z,2021-10-08 05:23:36.619718Z,56,0
2021-10-08 05:23:38.631347Z,2021-10-08 05:23:40.130129Z,56,0
2021-10-08 05:23:41.972314Z,2021-10-08 05:23:42.996280Z,56,0
2021-10-08 05:23:44.732919Z,2021-10-08 05:24:41.335040Z,56,0
2021-10-08 05:25:35.337785Z,2021-10-08 05:25:36.224956Z,56,0
2021-10-08 05:25:37.916843Z,2021-10-08 05:25:39.224295Z,56,0
2021-10-08 05:25:41.946309Z,2021-10-08 05:25:43.589290Z,56,0
2021-10-08 05:25:45.127617Z,2021-10-08 05:25:46.495788Z,56,0
2021-10-08 05:25:50.412182Z,2021-10-08 05:25:51.774812Z,56,0
2021-10-08 05:25:54.614746Z,2021-10-08 05:25:55.610974Z,56,0
2021-10-08 05:25:57.527046Z,2021-10-08 05:25:58.906953Z,56,0
2021-10-08 05:26:00.610898Z,2021-10-08 05:26:01.581754Z,56,0
2021-10-08 05:26:03.112609Z,2021-10-08 05:26:04.180721Z,56,0
2021-10-08 05:26:07.781354Z,2021-10-08 05:26:08.888098Z,56,0
2021-10-08 05:26:13.763706Z,2021-10-08 05:26:14.799225Z,56,0
2021-10-08 05:26:19.175412Z,2021-10-08 05:26:20.542713Z,56,0
2021-10-08 05:26:22.501442Z,2021-10-08 05:26:23.492904Z,56,0
2021-10-08 05:28:59.841914Z,2021-10-08 05:29:00.718510Z,56,0
2021-10-08 05:29:02.322834Z,2021-10-08 05:29:03.128411Z,56,0
2021-10-08 05:29:04.525254Z,2021-10-08 05:29:05.232545Z,56,0
2021-10-08 05:29:06.717495Z,2021-10-08 05:29:07.568554Z,56,0
2021-10-08 05:30:07.094786Z,2021-10-08 05:30:09.075205Z,56,0
2021-10-08 05:30:10.804146Z,2021-10-08 05:30:12.095065Z,56,0
2021-10-08 05:30:13.635865Z,2021-10-08 05:30:14.862583Z,56,0
2021-10-08 05:30:16.290268Z,2021-10-08 05:30:17.275098Z,56,0
2021-10-08 05:30:19.447254Z,2021-10-08 05:30:20.514630Z,56,0
2021-10-08 05:30:22.512623Z,2021-10-08 05:30:23.479133Z,56,0
2021-10-08 05:30:26.237341Z,2021-10-08 05:30:27.163504Z,56,0
2021-10-08 05:30:28.650718Z,2021-10-08 05:30:29.480172Z,56,0
2021-10-08 05:30:30.936356Z,2021-10-08 05:30:31.663604Z,56,0
2021-10-08 05:30:33.163295Z,2021-10-08 05:30:33.933621Z,56,0
2021-10-08 05:30:35.077638Z,2021-10-08 05:30:35.866172Z,56,0
2021-10-08 05:30:37.142711Z,2021-10-08 05:30:38.305056Z,56,0
2021-10-08 05:30:39.928912Z,2021-10-08 05:30:40.720251Z,56,0
2021-10-08 05:30:42.988456Z,2021-10-08 05:31:40.334990Z,56,0
2021-10-08 05:35:08.717093Z,2021-10-08 05:35:10.141805Z,56,0
2021-10-08 05:35:11.903286Z,2021-10-08 05:35:46.435859Z,56,0
2021-10-08 05:35:50.182748Z,2021-10-08 05:35:51.909280Z,56,0
2021-10-08 05:35:54.593934Z,2021-10-08 05:35:55.695582Z,56,0
2021-10-08 05:35:57.478905Z,2021-10-08 05:35:58.796779Z,56,0
2021-10-08 05:36:00.314283Z,2021-10-08 05:36:01.609776Z,56,0
2021-10-08 05:36:03.027525Z,2021-10-08 05:36:04.001527Z,56,0
2021-10-08 05:36:05.542663Z,2021-10-08 05:36:06.701313Z,56,0
2021-10-08 05:36:08.371954Z,2021-10-08 05:36:09.621418Z,56,0
2021-10-08 05:36:11.236539Z,2021-10-08 05:36:15.508331Z,56,0
2021-10-08 05:36:17.674737Z,2021-10-08 05:36:19.238122Z,56,0
2021-10-08 05:36:34.231659Z,2021-10-08 05:36:35.983071Z,56,0
2021-10-08 05:36:37.513963Z,2021-10-08 05:36:38.280196Z,56,0
2021-10-08 05:36:40.337436Z,2021-10-08 05:36:41.293605Z,56,0
2021-10-08 05:36:43.001508Z,2021-10-08 05:36:44.469510Z,56,0
2021-10-08 05:36:46.576886Z,2021-10-08 05:37:43.335030Z,56,0
2021-10-08 05:38:24.651147Z,2021-10-08 05:39:21.335008Z,56,0
2021-10-08 05:42:23.143114Z,2021-10-08 05:43:11.264627Z,56,0
2021-10-08 05:43:13.237713Z,2021-10-08 05:43:14.069369Z,56,0
2021-10-08 05:43:15.591319Z,2021-10-08 05:43:16.510984Z,56,0
2021-10-08 05:43:17.973233Z,2021-10-08 05:43:18.907173Z,56,0
2021-10-08 05:43:20.040070Z,2021-10-08 05:43:21.082772Z,56,0
2021-10-08 05:43:22.516922Z,2021-10-08 05:43:23.955144Z,56,0
2021-10-08 05:43:25.569131Z,2021-10-08 05:43:26.478831Z,56,0
2021-10-08 05:44:03.107464Z,2021-10-08 05:44:04.428653Z,56,0
2021-10-08 05:44:05.832432Z,2021-10-08 05:44:07.517269Z,56,0
2021-10-08 05:44:09.361550Z,2021-10-08 05:44:10.752672Z,56,0
2021-10-08 05:44:12.639402Z,2021-10-08 05:44:13.599642Z,56,0
2021-10-08 05:44:14.825694Z,2021-10-08 05:44:15.945401Z,56,0
2021-10-08 05:44:17.227204Z,2021-10-08 05:44:18.480532Z,56,0
2021-10-08 05:44:20.243645Z,2021-10-08 05:44:21.492149Z,56,0
2021-10-08 05:44:23.217460Z,2021-10-08 05:44:25.581613Z,56,0
2021-10-08 05:44:27.423648Z,2021-10-08 05:44:28.789683Z,56,0
2021-10-08 05:44:30.783596Z,2021-10-08 05:44:31.936878Z,56,0
2021-10-08 05:44:33.478485Z,2021-10-08 05:44:34.468509Z,56,0
2021-10-08 05:44:36.004672Z,2021-10-08 05:44:36.745628Z,56,0
2021-10-08 05:44:38.240534Z,2021-10-08 05:44:39.023311Z,56,0
2021-10-08 05:44:40.183639Z,2021-10-08 05:44:41.400256Z,56,0
2021-10-08 05:44:43.587597Z,2021-10-08 05:44:44.859447Z,56,0
2021-10-08 05:44:46.306770Z,2021-10-08 05:44:47.213481Z,56,0
2021-10-08 05:44:48.886249Z,2021-10-08 05:44:49.753442Z,56,0
2021-10-08 05:44:51.110224Z,2021-10-08 05:44:52.012210Z,56,0
2021-10-08 05:44:53.023238Z,2021-10-08 05:44:53.898835Z,56,0
2021-10-08 05:44:56.235559Z,2021-10-08 05:44:57.332494Z,56,0
2021-10-08 05:44:59.842077Z,2021-10-08 05:45:00.636818Z,56,0
2021-10-08 05:45:02.045213Z,2021-10-08 05:45:03.497287Z,56,0
2021-10-08 05:45:05.585407Z,2021-10-08 05:45:06.600855Z,56,0
2021-10-08 05:45:08.389622Z,2021-10-08 05:45:09.156222Z,56,0
2021-10-08 05:45:10.630602Z,2021-10-08 05:45:11.776821Z,56,0
2021-10-08 05:45:13.127341Z,2021-10-08 05:45:13.870759Z,56,0
2021-10-08 05:45:15.325018Z,2021-10-08 05:45:16.081644Z,56,0
2021-10-08 05:45:17.420111Z,2021-10-08 05:45:18.114790Z,56,0
2021-10-08 05:45:19.503882Z,2021-10-08 05:45:20.695302Z,56,0
2021-10-08 05:45:26.110845Z,2021-10-08 05:45:27.002992Z,56,0
2021-10-08 05:45:28.480834Z,2021-10-08 05:45:29.768416Z,56,0
2021-10-08 05:45:31.158449Z,2021-10-08 05:45:32.329393Z,56,0
2021-10-08 05:45:33.904246Z,2021-10-08 05:46:31.334997Z,56,0
2021-10-08 05:47:13.730085Z,2021-10-08 05:48:10.335Z,56,0
2021-10-08 05:48:38.461029Z,2021-10-08 05:49:35.335Z,56,0
2021-10-08 05:49:55.589595Z,2021-10-08 05:50:12.914416Z,56,0
2021-10-08 05:50:22.228922Z,2021-10-08 05:51:19.335122Z,56,0
2021-10-08 05:51:41.295574Z,2021-10-08 05:52:38.335014Z,56,0
2021-10-08 05:54:05.960021Z,2021-10-08 05:55:03.335005Z,56,0
2021-10-08 05:55:39.694381Z,2021-10-08 05:56:36.335032Z,56,0
2021-10-08 05:58:15.305166Z,2021-10-08 05:58:30.488306Z,56,0
2021-10-08 05:58:32.361397Z,2021-10-08 05:58:34.099467Z,56,0
2021-10-08 05:58:35.888805Z,2021-10-08 05:58:37.322503Z,56,0
2021-10-08 06:00:08.485650Z,2021-10-08 06:00:10.199046Z,56,0
2021-10-08 06:00:12.205830Z,2021-10-08 06:00:13.456819Z,56,0
2021-10-08 06:00:14.987225Z,2021-10-08 06:00:16.389177Z,56,0
2021-10-08 06:00:56.305349Z,2021-10-08 06:00:57.509841Z,56,0
2021-10-08 06:01:00.088642Z,2021-10-08 06:01:01.217852Z,56,0
2021-10-08 06:01:03.069522Z,2021-10-08 06:01:04.070420Z,56,0
2021-10-08 06:01:05.610709Z,2021-10-08 06:01:06.505169Z,56,0
2021-10-08 06:01:08.716557Z,2021-10-08 06:01:09.628935Z,56,0
2021-10-08 06:09:41.757986Z,2021-10-08 06:09:43.632954Z,56,0
2021-10-08 06:01:11.058528Z,2021-10-08 06:01:20.511316Z,56,0
2021-10-08 06:01:28.023162Z,2021-10-08 06:01:29.422119Z,56,0
2021-10-08 06:01:31.320765Z,2021-10-08 06:01:32.657750Z,56,0
2021-10-08 06:01:34.309097Z,2021-10-08 06:01:35.190682Z,56,0
2021-10-08 06:01:36.670283Z,2021-10-08 06:01:37.581089Z,56,0
2021-10-08 06:01:39.552853Z,2021-10-08 06:02:29.694245Z,56,0
2021-10-08 06:02:31.618512Z,2021-10-08 06:02:33.008567Z,56,0
2021-10-08 06:02:34.714810Z,2021-10-08 06:02:38.290568Z,56,0
2021-10-08 06:02:41.196602Z,2021-10-08 06:02:42.257425Z,56,0
2021-10-08 06:02:44.837828Z,2021-10-08 06:02:45.888366Z,56,0
2021-10-08 06:02:47.279518Z,2021-10-08 06:02:48.069504Z,56,0
2021-10-08 06:03:36.726035Z,2021-10-08 06:03:38.152697Z,56,0
2021-10-08 06:03:40.248888Z,2021-10-08 06:03:41.780927Z,56,0
2021-10-08 06:03:43.515043Z,2021-10-08 06:03:44.374103Z,56,0
2021-10-08 06:04:05.141837Z,2021-10-08 06:04:07.348469Z,56,0
2021-10-08 06:04:10.528634Z,2021-10-08 06:04:11.559846Z,56,0
2021-10-08 06:04:13.850667Z,2021-10-08 06:04:14.460110Z,56,0
2021-10-08 06:04:22.799443Z,2021-10-08 06:04:24.129022Z,56,0
2021-10-08 06:04:25.848127Z,2021-10-08 06:04:26.895260Z,56,0
2021-10-08 06:04:28.511998Z,2021-10-08 06:04:30.319819Z,56,0
2021-10-08 06:06:56.167800Z,2021-10-08 06:06:57.695379Z,56,0
2021-10-08 06:06:59.560514Z,2021-10-08 06:07:00.704859Z,56,0
2021-10-08 06:07:02.441455Z,2021-10-08 06:07:04.334890Z,56,0
2021-10-08 06:07:06.213280Z,2021-10-08 06:07:07.404189Z,56,0
2021-10-08 06:07:09.094225Z,2021-10-08 06:07:10.567540Z,56,0
2021-10-08 06:07:12.062690Z,2021-10-08 06:08:03.816586Z,56,0
2021-10-08 06:08:05.791190Z,2021-10-08 06:08:07.025670Z,56,0
2021-10-08 06:08:08.689293Z,2021-10-08 06:08:09.931989Z,56,0
2021-10-08 06:08:11.696875Z,2021-10-08 06:08:12.730128Z,56,0
2021-10-08 06:08:14.160807Z,2021-10-08 06:08:15.169614Z,56,0
2021-10-08 06:08:16.706733Z,2021-10-08 06:08:18.339018Z,56,0
2021-10-08 06:08:19.669341Z,2021-10-08 06:08:20.686683Z,56,0
2021-10-08 06:08:22.020084Z,2021-10-08 06:09:19.335011Z,56,0
2021-10-08 06:09:37.259033Z,2021-10-08 06:09:39.283556Z,56,0
2021-10-08 06:09:45.405580Z,2021-10-08 06:09:47.774092Z,56,0
2021-10-08 06:09:50.278244Z,2021-10-08 06:09:52.134928Z,56,0
2021-10-08 06:09:54.471494Z,2021-10-08 06:10:18.091443Z,56,0
2021-10-08 06:10:20.093080Z,2021-10-08 06:10:21.106942Z,56,0
2021-10-08 06:10:23.593654Z,2021-10-08 06:10:24.545160Z,56,0
2021-10-08 06:10:26.222160Z,2021-10-08 06:10:29.306227Z,56,0
2021-10-08 06:10:31.389747Z,2021-10-08 06:10:32.643403Z,56,0
2021-10-08 06:10:34.255676Z,2021-10-08 06:10:34.958347Z,56,0
2021-10-08 06:10:36.402304Z,2021-10-08 06:10:37.202863Z,56,0
2021-10-08 06:10:38.439689Z,2021-10-08 06:11:35.334994Z,56,0
2021-10-08 06:11:38.261971Z,2021-10-08 06:11:39.357894Z,56,0
2021-10-08 06:11:40.996116Z,2021-10-08 06:11:42.060559Z,56,0
2021-10-08 06:11:43.564533Z,2021-10-08 06:11:44.878206Z,56,0
2021-10-08 06:11:46.770738Z,2021-10-08 06:11:47.766691Z,56,0
2021-10-08 06:11:49.453835Z,2021-10-08 06:11:50.546767Z,56,0
2021-10-08 06:11:53.022776Z,2021-10-08 06:11:56.595216Z,56,0
2021-10-08 06:11:58.432980Z,2021-10-08 06:11:59.620313Z,56,0
2021-10-08 06:12:00.979244Z,2021-10-08 06:12:03.368513Z,56,0
2021-10-08 06:12:05.104793Z,2021-10-08 06:12:05.882905Z,56,0
2021-10-08 06:12:08.457525Z,2021-10-08 06:12:09.592588Z,56,0
2021-10-08 06:12:10.926513Z,2021-10-08 06:12:12.111497Z,56,0
2021-10-08 06:12:14.514601Z,2021-10-08 06:12:15.624674Z,56,0
2021-10-08 06:12:16.933968Z,2021-10-08 06:12:18.046109Z,56,0
2021-10-08 06:12:19.915858Z,2021-10-08 06:12:20.889943Z,56,0
2021-10-08 06:12:22.073426Z,2021-10-08 06:12:23.642547Z,56,0
2021-10-08 06:12:25.558206Z,2021-10-08 06:12:26.838568Z,56,0
2021-10-08 06:12:28.599475Z,2021-10-08 06:12:30.544625Z,56,0
2021-10-08 06:12:33.382564Z,2021-10-08 06:12:34.551174Z,56,0
2021-10-08 06:12:36.204130Z,2021-10-08 06:12:37.046596Z,56,0
2021-10-08 06:12:38.864898Z,2021-10-08 06:12:39.628244Z,56,0
2021-10-08 06:12:41.022689Z,2021-10-08 06:12:41.803963Z,56,0
2021-10-08 06:12:43.240674Z,2021-10-08 06:12:44.102261Z,56,0
2021-10-08 06:12:46.369407Z,2021-10-08 06:12:54.345313Z,56,0
2021-10-08 06:12:56.401554Z,2021-10-08 06:12:57.899502Z,56,0
2021-10-08 06:12:59.793890Z,2021-10-08 06:13:00.981473Z,56,0
2021-10-08 06:13:02.959599Z,2021-10-08 06:13:05.097130Z,56,0
2021-10-08 06:13:06.742259Z,2021-10-08 06:14:03.335017Z,56,0
2021-10-08 06:14:15.454522Z,2021-10-08 06:14:16.613093Z,56,0
2021-10-08 06:14:18.365888Z,2021-10-08 06:14:19.381187Z,56,0
2021-10-08 06:14:21.055828Z,2021-10-08 06:14:21.984542Z,56,0
2021-10-08 06:14:23.811819Z,2021-10-08 06:14:24.974463Z,56,0
2021-10-08 06:14:26.495150Z,2021-10-08 06:14:27.524011Z,56,0
2021-10-08 06:14:29.190162Z,2021-10-08 06:14:30.030437Z,56,0
2021-10-08 06:14:31.493606Z,2021-10-08 06:14:32.339979Z,56,0
2021-10-08 06:14:34.105022Z,2021-10-08 06:14:35.152811Z,56,0
2021-10-08 06:14:36.668203Z,2021-10-08 06:14:37.863056Z,56,0
2021-10-08 06:14:39.574801Z,2021-10-08 06:14:40.831313Z,56,0
2021-10-08 06:14:42.304631Z,2021-10-08 06:15:39.335010Z,56,0
2021-10-08 06:15:44.684399Z,2021-10-08 06:15:48.591629Z,56,0
2021-10-08 06:15:58.038648Z,2021-10-08 06:16:01.258820Z,56,0
2021-10-08 06:16:05.206715Z,2021-10-08 06:16:06.805335Z,56,0
2021-10-08 06:16:08.265552Z,2021-10-08 06:16:09.552646Z,56,0
2021-10-08 06:16:11.634351Z,2021-10-08 06:16:12.564258Z,56,0
2021-10-08 06:16:14.111908Z,2021-10-08 06:16:15.270852Z,56,0
2021-10-08 06:16:17.180450Z,2021-10-08 06:16:18.624732Z,56,0
2021-10-08 06:16:19.911731Z,2021-10-08 06:17:17.334999Z,56,0
2021-10-08 06:25:11.422168Z,2021-10-08 06:25:12.302226Z,56,0
2021-10-08 06:25:13.934572Z,2021-10-08 06:25:15.741987Z,56,0
2021-10-08 06:25:17.545740Z,2021-10-08 06:25:18.574037Z,56,0
2021-10-08 06:25:20.418924Z,2021-10-08 06:25:21.250249Z,56,0
2021-10-08 06:25:23.846240Z,2021-10-08 06:25:24.966311Z,56,0
2021-10-08 06:25:27.801621Z,2021-10-08 06:25:34.051109Z,56,0
2021-10-08 06:25:37.468236Z,2021-10-08 06:25:48.345933Z,56,0
2021-10-08 06:25:50.843332Z,2021-10-08 06:25:51.924143Z,56,0
2021-10-08 06:25:54.045945Z,2021-10-08 06:25:55.418281Z,56,0
2021-10-08 06:25:57.130209Z,2021-10-08 06:25:58.213680Z,56,0
2021-10-08 06:25:59.732239Z,2021-10-08 06:26:00.667712Z,56,0
2021-10-08 06:26:02.624149Z,2021-10-08 06:26:03.572907Z,56,0
2021-10-08 06:26:05.217062Z,2021-10-08 06:26:06.396659Z,56,0
2021-10-08 06:26:08.103429Z,2021-10-08 06:26:09.102362Z,56,0
2021-10-08 06:26:10.394981Z,2021-10-08 06:26:11.977616Z,56,0
2021-10-08 06:26:13.465845Z,2021-10-08 06:26:14.585357Z,56,0
2021-10-08 06:26:16.439693Z,2021-10-08 06:26:17.217538Z,56,0
2021-10-08 06:26:19.062572Z,2021-10-08 06:26:20.000467Z,56,0
2021-10-08 06:26:21.783117Z,2021-10-08 06:26:22.717861Z,56,0
2021-10-08 06:26:24.577898Z,2021-10-08 06:26:33.147967Z,56,0
2021-10-08 06:26:35.431214Z,2021-10-08 06:26:36.563315Z,56,0
2021-10-08 06:26:38.102875Z,2021-10-08 06:26:39.092329Z,56,0
2021-10-08 06:26:40.851239Z,2021-10-08 06:26:41.679879Z,56,0
2021-10-08 06:26:43.462677Z,2021-10-08 06:26:44.523482Z,56,0
2021-10-08 06:26:46.447570Z,2021-10-08 06:26:47.279984Z,56,0
2021-10-08 06:26:48.892360Z,2021-10-08 06:27:46.335004Z,56,0
2021-10-08 06:28:19.563855Z,2021-10-08 06:28:20.268876Z,56,0
2021-10-08 06:28:21.580104Z,2021-10-08 06:28:22.072182Z,56,0
2021-10-08 06:28:23.722438Z,2021-10-08 06:28:24.557337Z,56,0
2021-10-08 06:28:27.159929Z,2021-10-08 06:28:27.937641Z,56,0
2021-10-08 06:28:30.245083Z,2021-10-08 06:28:31.075550Z,56,0
2021-10-08 06:28:32.684627Z,2021-10-08 06:28:33.517773Z,56,0
2021-10-08 06:28:35.321872Z,2021-10-08 06:28:36.438111Z,56,0
2021-10-08 06:28:38.082849Z,2021-10-08 06:29:35.334985Z,56,0
2021-10-08 06:41:35.795846Z,2021-10-08 06:41:37.155579Z,56,0
2021-10-08 06:41:38.908708Z,2021-10-08 06:41:40.608224Z,56,0
2021-10-08 06:41:42.244774Z,2021-10-08 06:41:43.091104Z,56,0
2021-10-08 06:41:44.527571Z,2021-10-08 06:41:45.395116Z,56,0
2021-10-08 06:41:47.792457Z,2021-10-08 06:41:48.539003Z,56,0
2021-10-08 06:41:50.437262Z,2021-10-08 06:41:51.374657Z,56,0
2021-10-08 06:41:53.441178Z,2021-10-08 06:41:54.551495Z,56,0
2021-10-08 06:41:56.435698Z,2021-10-08 06:41:57.321337Z,56,0
2021-10-08 06:42:19.847653Z,2021-10-08 06:42:21.098303Z,56,0
2021-10-08 06:42:22.793461Z,2021-10-08 06:42:23.620900Z,56,0
2021-10-08 06:42:25.234678Z,2021-10-08 06:42:26.092544Z,56,0
2021-10-08 06:42:27.615532Z,2021-10-08 06:42:28.539738Z,56,0
2021-10-08 06:42:30.360118Z,2021-10-08 06:42:31.625354Z,56,0
2021-10-08 06:42:33.223528Z,2021-10-08 06:42:34.176075Z,56,0
2021-10-08 06:42:35.710612Z,2021-10-08 06:43:12.166413Z,56,0
2021-10-08 06:43:14.559036Z,2021-10-08 06:43:15.164419Z,56,0
2021-10-08 06:43:17.059642Z,2021-10-08 06:43:17.797644Z,56,0
2021-10-08 06:43:19.269491Z,2021-10-08 06:43:20.013082Z,56,0
2021-10-08 06:43:21.882198Z,2021-10-08 06:43:22.644211Z,56,0
2021-10-08 06:43:34.825650Z,2021-10-08 06:43:36.802676Z,56,0
2021-10-08 06:43:38.236219Z,2021-10-08 06:43:39.304390Z,56,0
2021-10-08 06:43:40.821705Z,2021-10-08 06:43:42.756318Z,56,0
2021-10-08 06:43:50.609129Z,2021-10-08 06:43:52.140772Z,56,0
2021-10-08 06:44:02.378169Z,2021-10-08 06:44:05.021461Z,56,0
2021-10-08 06:44:08.773910Z,2021-10-08 06:44:10.421965Z,56,0
2021-10-08 06:44:12.334803Z,2021-10-08 06:44:55.316815Z,56,0
2021-10-08 06:44:57.802966Z,2021-10-08 06:44:59.120898Z,56,0
2021-10-08 06:45:00.898655Z,2021-10-08 06:45:01.788461Z,56,0
2021-10-08 06:45:03.434376Z,2021-10-08 06:45:04.377446Z,56,0
2021-10-08 06:45:05.857745Z,2021-10-08 06:45:55.821118Z,56,0
2021-10-08 06:45:57.899102Z,2021-10-08 06:45:58.949532Z,56,0
2021-10-08 06:46:00.761361Z,2021-10-08 06:46:01.878538Z,56,0
2021-10-08 06:46:03.625850Z,2021-10-08 06:46:04.550882Z,56,0
2021-10-08 06:46:06.019634Z,2021-10-08 06:46:08.185056Z,56,0
2021-10-08 06:46:10.016777Z,2021-10-08 06:46:11.074339Z,56,0
2021-10-08 06:46:12.677261Z,2021-10-08 06:46:13.577266Z,56,0
2021-10-08 06:46:15.209616Z,2021-10-08 06:47:09.241419Z,56,0
2021-10-08 06:47:11.144837Z,2021-10-08 06:47:12.782068Z,56,0
2021-10-08 06:47:14.282672Z,2021-10-08 06:47:15.510289Z,56,0
2021-10-08 06:47:16.944342Z,2021-10-08 06:47:17.926645Z,56,0
2021-10-08 06:47:19.535550Z,2021-10-08 06:47:20.552145Z,56,0
2021-10-08 06:47:21.813503Z,2021-10-08 06:47:22.910104Z,56,0
2021-10-08 06:47:31.437459Z,2021-10-08 06:47:32.687827Z,56,0
2021-10-08 06:47:34.218100Z,2021-10-08 06:47:35.094177Z,56,0
2021-10-08 06:47:37.801451Z,2021-10-08 06:47:38.780215Z,56,0
2021-10-08 06:47:40.391210Z,2021-10-08 06:47:41.216421Z,56,0
2021-10-08 06:47:42.664592Z,2021-10-08 06:47:43.532876Z,56,0
2021-10-08 06:47:44.897479Z,2021-10-08 06:48:00.571289Z,56,0
2021-10-08 06:48:02.952589Z,2021-10-08 06:48:03.961301Z,56,0
2021-10-08 06:48:05.337507Z,2021-10-08 06:48:06.514911Z,56,0
2021-10-08 06:48:08.364672Z,2021-10-08 06:48:09.208487Z,56,0
2021-10-08 06:48:10.887764Z,2021-10-08 06:48:11.553729Z,56,0
2021-10-08 06:48:12.808201Z,2021-10-08 06:48:13.395821Z,56,0
2021-10-08 06:48:20.667225Z,2021-10-08 06:48:22.609034Z,56,0
2021-10-08 06:48:32.122801Z,2021-10-08 06:49:13.551630Z,56,0
2021-10-08 06:49:15.733293Z,2021-10-08 06:49:16.560556Z,56,0
2021-10-08 06:49:18.411172Z,2021-10-08 06:49:19.684949Z,56,0
2021-10-08 06:49:21.495852Z,2021-10-08 06:49:22.216490Z,56,0
2021-10-08 06:49:28.825027Z,2021-10-08 06:49:29.814526Z,56,0
2021-10-08 06:49:31.499243Z,2021-10-08 06:49:32.205493Z,56,0
2021-10-08 06:49:34.019864Z,2021-10-08 06:49:34.715235Z,56,0
2021-10-08 06:49:36.282791Z,2021-10-08 06:49:37.056129Z,56,0
2021-10-08 06:49:38.730719Z,2021-10-08 06:49:39.701143Z,56,0
2021-10-08 06:49:41.544597Z,2021-10-08 06:49:42.814880Z,56,0
2021-10-08 06:49:44.509606Z,2021-10-08 06:49:47.043373Z,56,0
2021-10-08 06:49:50.017520Z,2021-10-08 06:49:50.819584Z,56,0
2021-10-08 06:50:02.025821Z,2021-10-08 06:50:04.851648Z,56,0
2021-10-08 06:52:25.113467Z,2021-10-08 06:52:26.106802Z,56,0
2021-10-08 06:52:28.099756Z,2021-10-08 06:52:28.897686Z,56,0
2021-10-08 06:52:30.706324Z,2021-10-08 06:52:31.428301Z,56,0
2021-10-08 06:52:33.249439Z,2021-10-08 06:52:34.011985Z,56,0
2021-10-08 06:52:35.784333Z,2021-10-08 06:52:36.526205Z,56,0
2021-10-08 06:52:38.242750Z,2021-10-08 06:52:39.232419Z,56,0
2021-10-08 06:52:40.938729Z,2021-10-08 06:52:42.063158Z,56,0
2021-10-08 06:52:47.223613Z,2021-10-08 06:52:48.097519Z,56,0
2021-10-08 06:52:49.663586Z,2021-10-08 06:52:50.537108Z,56,0
2021-10-08 06:58:24.860870Z,2021-10-08 06:58:26.822209Z,56,0
2021-10-08 06:58:28.649044Z,2021-10-08 06:58:29.794708Z,56,0
2021-10-08 06:58:31.279399Z,2021-10-08 06:58:32.348258Z,56,0
2021-10-08 06:58:33.838004Z,2021-10-08 06:59:31.335002Z,56,0
2021-10-08 07:00:48.930999Z,2021-10-08 07:00:50.278912Z,56,0
2021-10-08 07:00:51.953171Z,2021-10-08 07:00:53.260472Z,56,0
2021-10-08 07:00:54.706785Z,2021-10-08 07:00:55.695933Z,56,0
2021-10-08 07:03:06.556296Z,2021-10-08 07:03:07.821658Z,56,0
2021-10-08 07:03:09.964401Z,2021-10-08 07:03:11.186888Z,56,0
2021-10-08 07:03:13.194090Z,2021-10-08 07:03:13.879294Z,56,0
2021-10-08 07:03:15.438598Z,2021-10-08 07:03:16.730475Z,56,0
2021-10-08 07:03:18.835415Z,2021-10-08 07:03:19.519862Z,56,0
2021-10-08 07:03:22.177701Z,2021-10-08 07:03:23.140442Z,56,0
2021-10-08 07:03:24.987939Z,2021-10-08 07:03:25.652751Z,56,0
2021-10-08 07:03:28.529568Z,2021-10-08 07:03:29.113341Z,56,0
2021-10-08 06:43:23.999542Z,2021-10-08 07:15:31.867149Z,56,0
2021-10-08 07:03:32.059485Z,2021-10-08 07:03:33.839138Z,56,0
2021-10-08 07:04:08.248941Z,2021-10-08 07:04:09.204442Z,56,0
2021-10-08 07:04:11.254319Z,2021-10-08 07:04:27.987175Z,56,0
2021-10-08 07:04:30.260485Z,2021-10-08 07:04:31.435261Z,56,0
2021-10-08 07:04:33.803162Z,2021-10-08 07:04:35.413557Z,56,0
2021-10-08 07:04:47.880001Z,2021-10-08 07:04:49.160513Z,56,0
2021-10-08 07:04:51.176619Z,2021-10-08 07:04:54.068733Z,56,0
2021-10-08 07:04:56.472218Z,2021-10-08 07:04:57.127769Z,56,0
2021-10-08 07:04:59.149158Z,2021-10-08 07:05:01.739156Z,56,0
2021-10-08 07:06:54.639013Z,2021-10-08 07:06:55.890528Z,56,0
2021-10-08 07:06:58.458819Z,2021-10-08 07:06:59.159445Z,56,0
2021-10-08 07:07:01.131886Z,2021-10-08 07:07:02.374629Z,56,0
2021-10-08 07:07:04.492247Z,2021-10-08 07:07:17.179808Z,56,0
2021-10-08 07:07:19.376144Z,2021-10-08 07:07:20.204436Z,56,0
2021-10-08 07:07:21.959721Z,2021-10-08 07:07:24.016239Z,56,0
2021-10-08 07:07:26.197429Z,2021-10-08 07:07:26.812361Z,56,0
2021-10-08 07:07:29.551409Z,2021-10-08 07:07:30.052246Z,56,0
2021-10-08 07:07:33.192679Z,2021-10-08 07:07:33.893928Z,56,0
2021-10-08 07:07:36.459046Z,2021-10-08 07:07:37.307724Z,56,0
2021-10-08 07:09:39.434617Z,2021-10-08 07:09:40.704979Z,56,0
2021-10-08 07:09:43.010202Z,2021-10-08 07:09:43.803727Z,56,0
2021-10-08 07:09:45.629027Z,2021-10-08 07:09:46.731406Z,56,0
2021-10-08 07:09:48.487717Z,2021-10-08 07:09:49.669777Z,56,0
2021-10-08 07:09:51.451169Z,2021-10-08 07:09:52.298816Z,56,0
2021-10-08 07:09:54.093313Z,2021-10-08 07:09:54.757534Z,56,0
2021-10-08 07:09:57.493Z,2021-10-08 07:09:58.087867Z,56,0
2021-10-08 07:09:59.827353Z,2021-10-08 07:10:00.216086Z,56,0
2021-10-08 07:19:44.761339Z,2021-10-08 07:19:46.109795Z,56,0
2021-10-08 07:10:01.894Z,2021-10-08 07:10:02.543920Z,56,0
2021-10-08 07:10:04.994838Z,2021-10-08 07:10:05.409682Z,56,0
2021-10-08 07:10:07.870053Z,2021-10-08 07:10:08.387655Z,56,0
2021-10-08 07:10:11.045817Z,2021-10-08 07:10:11.693391Z,56,0
2021-10-08 07:10:13.893924Z,2021-10-08 07:10:32.543590Z,56,0
2021-10-08 07:10:34.686607Z,2021-10-08 07:10:36.600442Z,56,0
2021-10-08 07:10:38.859947Z,2021-10-08 07:10:40.542031Z,56,0
2021-10-08 07:10:42.655630Z,2021-10-08 07:10:43.510147Z,56,0
2021-10-08 07:10:45.605847Z,2021-10-08 07:10:45.955263Z,56,0
2021-10-08 07:10:49.459032Z,2021-10-08 07:10:50.130625Z,56,0
2021-10-08 06:47:24.777732Z,2021-10-08 07:15:31.867149Z,56,0
2021-10-08 06:48:14.613384Z,2021-10-08 07:15:31.867149Z,56,0
2021-10-08 06:48:24.347422Z,2021-10-08 07:15:31.867149Z,56,0
2021-10-08 06:49:56.632540Z,2021-10-08 07:15:31.867149Z,56,0
2021-10-08 07:04:37.732510Z,2021-10-08 07:15:31.867149Z,56,0
2021-10-08 07:10:47.444244Z,2021-10-08 07:15:31.867149Z,56,0
2021-10-08 07:10:52.656303Z,2021-10-08 07:15:31.867149Z,56,0
2021-10-08 07:16:18.096519Z,2021-10-08 07:16:19.350194Z,56,0
2021-10-08 07:16:22.044952Z,2021-10-08 07:16:23.195274Z,56,0
2021-10-08 07:16:25.524639Z,2021-10-08 07:16:26.265782Z,56,0
2021-10-08 07:16:28.549340Z,2021-10-08 07:16:29.239836Z,56,0
2021-10-08 07:16:31.555187Z,2021-10-08 07:16:32.199049Z,56,0
2021-10-08 07:16:34.944315Z,2021-10-08 07:16:43.865661Z,56,0
2021-10-08 07:16:55.500773Z,2021-10-08 07:16:59.300136Z,56,0
2021-10-08 07:18:30.461124Z,2021-10-08 07:18:31.913587Z,56,0
2021-10-08 07:18:34.137026Z,2021-10-08 07:18:35.548200Z,56,0
2021-10-08 07:18:37.603435Z,2021-10-08 07:18:39.296430Z,56,0
2021-10-08 07:18:41.571772Z,2021-10-08 07:18:42.912834Z,56,0
2021-10-08 07:18:45.020922Z,2021-10-08 07:18:46.127216Z,56,0
2021-10-08 07:18:48.189458Z,2021-10-08 07:18:49.391419Z,56,0
2021-10-08 07:18:51.305360Z,2021-10-08 07:18:52.295586Z,56,0
2021-10-08 07:18:54.307740Z,2021-10-08 07:18:56.057028Z,56,0
2021-10-08 07:18:58.721530Z,2021-10-08 07:18:59.884820Z,56,0
2021-10-08 07:19:01.821566Z,2021-10-08 07:19:02.877824Z,56,0
2021-10-08 07:19:12.535768Z,2021-10-08 07:19:14.009015Z,56,0
2021-10-08 07:19:15.836047Z,2021-10-08 07:19:40.161808Z,56,0
2021-10-08 07:19:41.934971Z,2021-10-08 07:19:43.362038Z,56,0
2021-10-08 07:19:47.353156Z,2021-10-08 07:19:50.463190Z,56,0
2021-10-08 07:19:51.934785Z,2021-10-08 07:19:52.983461Z,56,0
2021-10-08 07:19:54.397267Z,2021-10-08 07:19:56.144644Z,56,0
2021-10-08 07:19:57.547271Z,2021-10-08 07:19:59.558711Z,56,0
2021-10-08 07:20:01.163732Z,2021-10-08 07:20:02.503045Z,56,0
2021-10-08 07:20:04.448905Z,2021-10-08 07:20:07.242302Z,56,0
2021-10-08 07:20:09.048596Z,2021-10-08 07:20:10.289546Z,56,0
2021-10-08 07:20:42.102951Z,2021-10-08 07:20:43.095996Z,56,0
2021-10-08 07:20:44.614644Z,2021-10-08 07:20:46.339485Z,56,0
2021-10-08 07:20:47.776438Z,2021-10-08 07:20:49.125874Z,56,0
2021-10-08 07:20:50.445761Z,2021-10-08 07:20:52.173409Z,56,0
2021-10-08 07:20:53.911198Z,2021-10-08 07:20:55.375566Z,56,0
2021-10-08 07:20:58.896613Z,2021-10-08 07:21:00.008702Z,56,0
2021-10-08 07:21:01.591929Z,2021-10-08 07:21:02.874494Z,56,0
2021-10-08 07:21:04.340172Z,2021-10-08 07:21:06.907852Z,56,0
2021-10-08 07:21:10.994322Z,2021-10-08 07:21:11.973556Z,56,0
2021-10-08 07:21:13.726636Z,2021-10-08 07:21:15.180846Z,56,0
2021-10-08 07:22:38.148660Z,2021-10-08 07:22:38.966076Z,56,0
2021-10-08 07:22:40.506466Z,2021-10-08 07:22:42.250486Z,56,0
2021-10-08 07:22:43.705566Z,2021-10-08 07:22:44.804175Z,56,0
2021-10-08 07:22:46.191363Z,2021-10-08 07:22:48.208723Z,56,0
2021-10-08 07:22:49.692686Z,2021-10-08 07:22:52.536741Z,56,0
2021-10-08 07:23:28.019910Z,2021-10-08 07:23:29.167383Z,56,0
2021-10-08 07:23:30.621888Z,2021-10-08 07:23:31.416539Z,56,0
2021-10-08 07:23:32.621551Z,2021-10-08 07:23:35.751708Z,56,0
2021-10-08 07:23:37.069649Z,2021-10-08 07:23:37.738151Z,56,0
2021-10-08 07:23:39.257114Z,2021-10-08 07:23:39.997309Z,56,0
2021-10-08 07:23:46.308969Z,2021-10-08 07:24:13.530373Z,56,0
2021-10-08 07:24:15.598528Z,2021-10-08 07:24:16.374562Z,56,0
2021-10-08 07:24:24.877773Z,2021-10-08 07:24:26.605981Z,56,0
2021-10-08 07:24:31.753668Z,2021-10-08 07:24:33.194691Z,56,0
2021-10-08 07:24:37.662595Z,2021-10-08 07:24:39.330747Z,56,0
2021-10-08 07:24:43.642904Z,2021-10-08 07:24:47.055797Z,56,0
2021-10-08 07:24:52.113523Z,2021-10-08 07:24:53.281942Z,56,0
2021-10-08 07:33:47.445312Z,2021-10-08 07:33:49.547712Z,56,0
2021-10-08 07:33:51.961638Z,2021-10-08 07:33:52.875320Z,56,0
2021-10-08 07:33:54.653404Z,2021-10-08 07:33:55.632471Z,56,0
2021-10-08 07:33:57.002756Z,2021-10-08 07:33:57.954069Z,56,0
2021-10-08 07:34:10.004925Z,2021-10-08 07:34:11.902967Z,56,0
2021-10-08 07:34:19.966380Z,2021-10-08 07:34:21.173347Z,56,0
2021-10-08 07:34:26.497656Z,2021-10-08 07:34:28.766526Z,56,0
2021-10-08 07:34:34.228177Z,2021-10-08 07:34:35.167567Z,56,0
2021-10-08 07:34:40.453875Z,2021-10-08 07:34:41.902199Z,56,0
2021-10-08 07:34:43.556705Z,2021-10-08 07:34:44.387317Z,56,0
2021-10-08 07:34:45.926326Z,2021-10-08 07:34:47.118747Z,56,0
2021-10-08 07:34:51.372878Z,2021-10-08 07:34:52.146150Z,56,0
2021-10-08 07:34:54.155049Z,2021-10-08 07:34:55.332681Z,56,0
2021-10-08 07:34:56.925570Z,2021-10-08 07:35:04.750019Z,56,0
2021-10-08 07:35:06.488562Z,2021-10-08 07:35:07.585133Z,56,0
2021-10-08 07:36:01.919389Z,2021-10-08 07:36:02.867243Z,56,0
2021-10-08 07:36:04.128761Z,2021-10-08 07:36:05.381783Z,56,0
2021-10-08 07:37:06.711260Z,2021-10-08 07:37:07.902391Z,56,1
2021-10-08 07:37:09.119386Z,2021-10-08 07:37:10.194639Z,56,1
2021-10-08 07:37:17.154811Z,2021-10-08 07:37:18.250909Z,56,1
2021-10-08 07:16:34.572380Z,2021-10-08 09:40:02.226122Z,56,0
2021-10-08 07:16:52.539446Z,2021-10-08 09:40:02.226122Z,56,0
2021-10-08 07:16:54.052693Z,2021-10-08 09:40:02.226122Z,56,0
2021-10-08 07:16:54.285700Z,2021-10-08 09:40:02.226122Z,56,0
2021-10-08 07:16:54.661797Z,2021-10-08 09:40:02.226122Z,56,0
2021-10-08 07:16:54.981688Z,2021-10-08 09:40:02.226122Z,56,0
2021-10-08 07:16:55.284442Z,2021-10-08 09:40:02.226122Z,56,0
2021-10-08 07:24:17.957125Z,2021-10-08 09:40:02.226122Z,56,0
2021-10-08 07:33:59.340651Z,2021-10-08 09:40:02.226122Z,56,0
2021-10-08 10:15:10.419378Z,2021-10-08 10:15:16.651275Z,56,0
2021-10-08 10:15:18.233216Z,2021-10-08 10:15:19.223244Z,56,0
2021-10-08 10:15:20.691874Z,2021-10-08 10:15:21.608898Z,56,0
2021-10-08 10:15:23.227862Z,2021-10-08 10:15:24.283419Z,56,0
2021-10-08 10:15:31.946146Z,2021-10-08 10:15:38.060167Z,56,0
2021-10-08 10:15:47.379482Z,2021-10-08 10:15:48.842232Z,56,0
2021-10-08 10:15:59.343866Z,2021-10-08 10:16:00.673066Z,56,0
2021-10-08 10:16:05.462131Z,2021-10-08 10:16:06.709810Z,56,0
2021-10-08 10:15:26.916597Z,2021-10-08 14:20:57.817350Z,56,0